A,B
0.4967141530112327,-0.6751782749743815
0.11009277533443168,-0.4145899807052705
0.45437784926229197,-1.0527808717784828
1.794515223974202,-0.6682850992536802
0.4579338676995053,-2.25452525510939
-0.8115520652340705,-0.6365406183002877
1.3033728938354439,-0.48156144177473603
1.9164839822275672,-0.7526183287114194
-0.3252292547857046,0.33277185861379605
-0.31762199615358244,0.9561418156790633
-0.0763172670508877,-1.0347581087886293
-0.41012323997605044,-1.1244776830258365
0.011534885872736267,-1.5565002205244762
-1.7177146351435821,-1.4763774745936482
-2.671567241016402,0.2227708965520131
-1.0369068550028353,-0.14400713233276352
-0.5390438543563569,-0.09320284424020764
0.028865384715232645,-2.167816142562839
-0.8314508269859832,-0.2454813679466582
-1.9502705780571707,-1.586249892091808
0.9120119703290068,-0.2451453186122929
1.0390748083093564,-0.07042752839131877
-0.25899449193333557,1.489589160101826
-1.8913804422690013,-0.6813438793961941
-1.1527607380311442,-3.134842736716875
0.42843354344212753,-1.4166014373103688
-0.7386725251394672,0.968197352666084
-0.43840716355135423,2.014305688969887
-0.36481930043632294,1.245391310903657
-0.40263432326365456,-0.03608851364036586
-0.7082955563533335,0.6733659469668791
1.6264837078768337,-0.7981880167391587
1.0733655427244189,0.32907606846562487
-1.4759291228027744,0.403949406997774
-0.1268056790850408,1.4053053019723962
-0.33160881956727173,3.3353850496606174
-0.18872379979691498,1.814342954992862
-1.9135887498116053,0.47590077283733145
-2.25694028781923,-0.11143497232136385
-0.012559293094071777,-1.9319947174781658
1.4779393273956685,-1.4100157867023038
0.4652295338709946,-1.2178904620154627
-0.6245150377693918,-0.8962153125065515
-0.5503881159303483,-0.18006521857404623
-1.3484126226737068,-0.9187045029490895
-1.243759469320266,0.8377691559817078
-0.5183898174691368,0.20189335213332552
1.150124527609739,0.3270917050260058
0.9291235682438461,-0.3315527254929045
-1.9772185985395079,0.021242700912227658
-0.8990622084749342,0.788806123257351
0.33982062826473947,-0.4905337046861527
-0.4529243016440235,-0.7574390959593265
0.03549138219149961,-0.8271116891200374
1.3431714900666605,-1.6647962817064577
1.4945353127249743,-1.448724037743783
-0.7564373354551817,-1.2076852944752225
-1.1660644019279605,0.43812347337841456
0.42535696071216944,0.4694507392236183
1.6199683413513877,0.5609311971821326
-0.1150814279112729,1.0071023254155675
-0.9681124691527135,0.2610643698780556
-1.208856826356471,0.5907855232195226
-1.339595088264804,0.011752650519240612
0.5535341976094887,0.34121310320529685
2.0610333062366752,-0.5075802437314796
0.41382041508029854,-2.592311916501173
0.2906332918357335,-1.2846336227803505
0.7122491246726868,0.6373913237424897
-0.35154775517058795,1.4550309080256771
-0.11237617604607669,1.7627080863177897
1.8000721809627622,1.9001543363151638
0.8500885883603503,0.8727291250612758
1.067176624303585,0.603617960332036
-2.1511866499255747,-0.5121283351836807
-0.617261415067286,-0.5039389019791112
1.0674450105280326,0.3040464387300166
0.1131085323466769,1.355371040269158
-0.5088597455686328,0.5268388441178694
-2.085064051452941,-0.14480244397316655
-0.9851523343103307,-0.22138162978826723
0.805296480969325,0.4663611530163303
1.9561056420907557,-1.2032137289049167
-0.13989610457499824,-2.6933608549119206
-1.6954351800321996,-1.9021656755865415
-0.8883054528949861,-2.1297814516519633
1.2909877603556814,-1.1615862228604494
1.0793106802785783,-0.7172501256506435
-0.8132598343845876,-0.6648025958441952
-0.1748202721470905,1.2268340752162985
0.6321594665225047,0.7717572556837142
1.2094828929907693,0.86691252579298
-0.44835543507263814,0.8404203172684293
-1.030149417324971,-0.7998079522801598
-0.4411085656601702,0.7702406835209815
-1.2586656093142459,-0.00176950690158309
-0.318688128227456,0.9519084388531092
0.6428222995912501,-0.8263942721043084
0.23413554868896477,-1.7813574740597629
-0.5026681344717807,-0.1251710182934438
-1.655208123712537,0.23743775950270885
-0.9500882076479442,-0.5061208465109952
-0.09068818538882933,-1.1175608451884436
-0.7036188828345689,0.5069540855976385
-0.6577687019184677,-1.0001369034838283
0.4088383101948231,1.504538631433463
2.2787656307002617,-0.6003751212056816
0.9779877327008647,0.7709455177260245
-0.3110708962379695,-0.34344792589999207
-0.26322210409553193,0.6632576184652641
-1.6992492726876498,-0.40142457240595075
-0.8067416389928698,-0.19948227759326834
0.4538396059693101,-0.18743218766745434
2.7536828804288462,-1.0346576574448725
0.7962123446500716,0.3522251157262531
-0.5864200043619127,-0.5175400650379767
-0.17529136812546614,-0.21163803830261493
-0.8038712505712945,-1.2397534106859953
0.7112488724197239,-3.028653383240721
1.4744348205571902,-1.5142660385008468
1.011850670997521,1.5675042189342552
-0.9984297550906287,1.6923421277631396
0.6925410620034624,1.0183659619086898
-0.3539955200457312,-0.0352136947326184
-0.13609714824245234,-0.08846855279157909
2.4379130241123104,0.4772382235375482
0.22566965703754682,-0.9552254013951469
-1.699638842788644,0.8061323030978971
-0.3754202800029921,0.8068661487161395
0.20376755868413599,1.3386347602850937
-1.6009972802802974,0.9403644237252744
-0.9089035006767877,0.4104626709302612
-0.6755033121875229,0.8122506206873341
0.2700930688237545,0.866843625436303
-0.628406743863522,0.08454331334557336
0.9655838362363967,-0.537673817150897
0.06776061147847312,-0.23379662717908084
-0.8966544773573418,1.4176821377309117
0.5244264401990416,-0.5889421264772299
-0.5067717353600689,-1.4984620505654442
-0.46747004864689423,-0.7939813877606297
1.4316788856788238,-0.32346554137510725
-0.7592631144703823,0.24312499748377048
-1.0043311512716777,0.32855617421346894
0.4236845529835407,-0.07361847616028255
1.3439781010108431,1.4737684961207103
-0.9776701671187663,-1.0719192794261243
-2.3965438365523726,-1.0218995845902277
0.08130035110226308,-0.9149247636041005
1.3403727336367506,-1.93303982264786
0.4007202743026458,-0.8641063569384524
-0.10711794994962409,1.0981717606089396
-0.6658692869772755,0.6327182332575477
0.033022083507706995,0.7374965507554736
0.6210945685512477,-1.1616184563963183
-0.5534890329000526,-1.0512170423929046
1.2850871271206479,-0.999790373091502
1.5173399146323874,-0.6527020712976521
-1.1858749100267894,1.041998842204094
-0.438036378271629,0.9750340496997618
-0.2972944214232638,-0.5038883941458516
0.6202806001612767,-0.030771086125270547
1.5297758141453486,0.2633862727884775
-0.4253935956443273,1.413389171449582
0.10984754438173916,2.1860668265259156
0.9863566597786013,-0.04083320564413928
1.1752359985640557,-0.7427329819709736
2.013202160923022,-1.8864491209471121
0.370866297132333,-0.9803082560359293
-1.339856896540023,-0.004522926870842936
-1.342235594277097,1.1036719086355413
-0.7428263744075086,0.45889029532701836
-0.04536847878731469,-0.05402757773512251
0.42143380377132145,0.0010336758540459567
0.36152666572783543,-0.87039396170698
0.7881559842568179,1.8010089587173863
0.3106033118966625,-1.0223884089291562
1.2870630741228062,0.16853778455693288
0.3812042447264793,1.6152041426525114
2.3293604142707878,0.8716645059205709
1.8571580473617217,0.4197627685913965
-1.0170178909255196,-0.43142108344302565
-2.042108384350575,-0.38038156138702706
0.34135877800300196,1.193458175128439
0.7648672176658338,-1.716840025987617
0.5173330370533928,1.0605434791674817
0.4177422898679248,-1.474142245330467
0.03034915728355997,-0.3762050798255752
-0.9370236769499088,-0.9630924977274713
-1.914985183829014,0.3368598028809306
-0.9294258740498617,-1.4914763700650582
1.1617737138230666,-0.0005110937403403071
0.8766965013008653,1.7297413841545053
-1.574162559783061,-0.41479835545348653
-0.8198938619261678,0.2517294527593272
0.9377910289174565,-0.9950519121302939
-0.3198475027359331,0.21800618535751082
-0.6390729322664005,-0.009091993446016345
0.0861542094642575,-0.506061636220098
-0.8443262275124808,0.23702185447807572
-0.23526744459336602,1.8070509510218797
0.8825447597206433,0.6771971376487208
1.4730920998297856,1.1847008583932852
1.302022233170801,-1.0626409185300805
-1.2866953493424549,-1.2578181773220196
-1.9375654112057936,-0.2981501602081752
0.4500046829111506,1.3861476266427133
1.4502319281021898,1.090981643564159
0.6276482266604088,0.2744221175518991
3.5314405765160606,-0.019247802150209672
2.312833071241431,-1.3446085809573223
0.6517915328753658,0.10413965439448591
0.8297691096133819,0.7490168726746407
1.2029466539230922,0.08219749000289339
0.0016778340895827193,-0.3861783621957109
0.32428863249918904,-0.05776572930167623
-0.3709304845481502,-0.4713810885076265
-0.5840925984457619,-0.16105704014644612
-0.5270868782780715,1.9422528225040079
0.03619090256053768,0.5730232305328629
2.4794789374036608,0.17276610443033374
-0.7510385508258008,-0.864985576667447
-0.9217603732281098,0.3776732036395064
-1.202180994910074,-0.07780992630867603
-0.7623498867955757,-0.4986051161586862
1.1245140763789931,1.0071875649790107
0.7672758017007324,1.7533127059264142
-1.4088338926275517,0.36380884574865346
-1.5784557411483116,-1.6808284763020072
0.7482419850144424,0.08077063957106412
0.15121545283872995,-0.84158633523342
-0.39774582473554376,0.8190277758098437
-0.0792604018804346,-1.8592425257747291
-0.4621145456105165,0.3417434909634055
1.8729678525131759,-1.4451641392746082
1.7856081410037703,0.5140745488440047
-2.161245351534413,-0.05677286332119043
-1.4123788609970287,-0.7290009565421138
0.06976840870105838,-0.7843301603345083
1.1612578993383849,0.23732210596699516
-0.5292517653134432,0.2583109420198805
-0.9460375920526013,0.8326662988055882
0.528845945478555,2.2419741126390496
1.497346609873011,-0.5983414837631118
-0.9052535932690685,1.5844481056388489
-1.4300321483162772,0.2819684839973471
-0.4378652667099583,-0.3718779008232559
-0.33829651042436615,-1.6585204638112772
1.5292321887606375,-0.9908810555695678
1.2511730072114657,0.44690786789194903
-1.4675728471945044,0.18437480715913948
-0.1356645423960815,1.7366303156736715
3.038344950854138,-0.8849784540658802
2.3259554377373557,-0.13921274479247395
-1.9026976309916208,-1.6925817305670086
-1.9908916170599118,-0.14095217949409616
1.6880052436999486,0.6566221098233518
0.7512394385628254,0.04308272714535727
-0.42274179783431565,-2.5064523570703656
0.525244483970756,-0.9689659339586753
-0.30268944296298206,-0.2649463465360329
-0.5580406790955322,0.6386746196940498
-3.2638940613411966,1.528521659326886
-2.4378522210497184,-0.4554523764316779
0.04884463293347224,0.622529291137476
-0.6572135672414936,1.14327785076344
0.7918117596342086,-1.097519747380192
-0.6958597879360872,-0.03403095394023703
-1.3153229739304302,-0.9098953758420356
-0.020628663784238443,-0.18729905772902133
1.9494484865519939,0.16381346499537658
-0.7138881707974093,-0.37261477262871157
-0.17263030927658973,-0.7662965597455318
0.6707516890903956,-0.3822993834106858
-0.7025952860239402,-1.2762973956160764
-0.2590960751492151,-1.510477779183899
0.5549596388289117,-0.0811305502564117
-0.3337080773745193,-1.2027922606416104
-0.4263509881415396,0.4106068717327004
-0.320643124479488,0.38447808267003913
0.09962966160736997,-1.3408764613762527
0.7869968699361678,-1.2291099559957086
1.8655717954138533,0.40534152347593144
-0.6786021037665323,-0.7067911656214292
1.0183457990533074,-0.4986376538510486
-0.7304994890298115,-0.018050471013763114
-1.1619281598304492,0.8288935878905378
0.5762720308949192,0.20043558564411146
1.0039920652917544,-0.4631085963246612
-0.641225134588266,1.1079041180085023
-0.9154764441183016,2.1285945500694896
-0.42932817636549975,2.1011288748103794
-0.4745356499854638,0.9985312620170159
0.6439030713873822,-0.4804810493803781
0.8303692113783705,-1.1281552524434286
-0.6945836552622529,-0.05214337384914647
0.2659040563904155,0.37827054102801716
0.9536172189786176,1.7257121128816302
1.0178019690806106,1.336608995981316
0.7149020282526919,-0.8224206868614334
-0.7897215375403082,0.645850524779833
-1.1089324292773475,-1.0282056707531908
0.7306685649052805,-0.46761123756124123
1.3722264550167171,-0.20280649072357004
0.07809086523610066,1.9805561906989366
-0.38360669860047003,3.983245613794455
1.321261404873483,2.4493907284735164
0.2764808359483667,0.9924681717356935
-0.05201424301261426,0.6432439187332499
-0.10218791093968793,1.04649869964994
-0.18747187000108378,0.19474623933650786
1.0457320238539694,1.9332409334515963
1.4215807137276188,0.8519550138891735
0.9639396069372466,1.1283347995416517
1.2858046585299368,0.9340427154484396
0.46625251017462793,0.8372792381636585
0.4649648185047588,1.207352420331733
-0.05374967072240322,-0.15520100317474161
0.15805960990978668,-0.5535208784239162
0.06875454964936212,-1.508650890514184
0.04159350071802527,-0.16805098875226077
0.6131884229532025,0.6246907258686962
-0.5186723121860115,0.9011978367427993
1.5347756082594581,2.0912825308619256
0.14334426331367345,0.8015328143555341
-2.0136387476978266,1.168850978065155
0.38657448964620944,-0.8258830195510232
2.020438165297689,-0.623157556252373
1.0383239053383295,0.2131876137342228
0.2146032772138422,1.0111873030271348
-0.02001945384962052,0.25433522390280866
-0.806900955949897,0.06554460229920349
-0.27471553741364346,-1.6347035317232907
-0.41507289301390904,-0.9856584750363533
0.743560864427639,0.2922093591928996
0.37731638973590675,0.824249521272498
-1.0916340127411595,0.997862676879772
-0.9071488700059988,0.42260148056541386
0.580637303590386,0.17717234991492337
-0.038158268554014274,-0.6425637698678884
-1.3130479556398313,0.4368189120016089
-0.277630171332919,0.5024079706283696
0.7550438095513761,0.8700565518093156
-0.2532157760569485,-0.20293542015364374
-1.0306941326890688,-2.216151202540437
-0.005680479048148668,0.0780050910049237
-0.9862206698882537,-0.6859792472682992
-2.1038726963344216,-0.7251649329203737
-1.2784063302851498,0.2047173694942242
0.002041897335137932,-0.37345380436646824
0.5303571401412641,1.111175001653168
1.4838325722955852,0.9233767112196074
1.3348057187462075,1.2483526182451432
-0.1283805287098631,-0.907426197047334
-0.45384281717160707,0.87063249786633
-0.8982993651194393,0.336241412028256
-0.26641751570827865,0.09880626886325938
-0.06348627764887943,0.07405277101392661
0.24452430634390124,-1.8296629877352806
-0.7265091546975884,-0.25882474147598183
0.02113252819065159,-1.3987809534592992
1.9554646157154778,-1.6418230456721619
0.7131040643660379,-2.3722387530099263
-0.21524204793764823,0.09794361474970836
0.617063858702365,-0.640895799562186
0.1575532943073779,1.6158288649363612
-0.0487112099746064,-0.11108939719353472
0.03287292038127571,-1.461560229838916
0.16997882258824837,-1.9602080619015272
-0.7141990747469015,0.276994456749591
-0.41100419033237706,0.0034691380815102535
0.6835914979703617,-0.23990308166318636
1.8556016369970307,-0.10606614612445298
1.4630750575320661,0.4013038375614798
2.0936374673731466,1.366117378125315
-0.08094603056810312,2.045993577104174
0.07764389925646653,0.554850690938823
0.6813644641252659,-1.0354053754297947
2.475474009538451,-1.051814829292817
0.10428526720273446,-0.30291986369103574
-1.889043320523581,-0.9836862719144392
-1.1009621373994896,-1.2645703334044214
-1.7089980793072144,-0.32820016227131504
-1.2075816567393396,-0.1982824734190098
-0.7286168777496584,0.11647241924837168
0.04807656010960529,-0.7599722420065702
0.48858636335892336,-0.5239597494623192
1.9507023652906135,-1.2439420303606321
1.6910971511738162,0.45138493915573485
-0.6089889900490171,1.114058755893176
-1.6583172689016519,-1.1650286050111567
0.3054744623149515,-1.3574112046705218
-0.4601351394221439,-2.422189957838471
1.1169905112054757,-1.5274888945006528
2.029097838498087,-0.7924063200801439
-0.10514901634282792,-1.678027587936744
-2.5568598542702397,-1.5267492919418335
0.5338365229013244,-1.807594863241183
1.4097785400645986,-0.4708735633712493
1.1644153497010508,-0.14893594282862155
-1.6103419493958762,-0.63181961970307
-1.7047979644893165,-0.0910708480846282
0.19089876211167323,-0.6924730017326821
0.6727605671860617,-0.43728088251914005
-0.5500941618399127,1.400786020791936
0.04960232025684619,1.9283453548119467
-0.6332200748970026,-0.26136118912189743
-0.5938095149662004,0.7120382386452397
0.14992137572866923,0.7534151505649826
0.7596602644267834,-0.574784941592229
0.8977224194447068,0.6028912946012909
-1.0256267391831737,1.5209639892887117
-2.343856697164206,-0.26173874575293454
0.7981063267969343,-0.9051411679882633
1.698170176123527,0.31389689656447284
-0.7672259513260984,0.40330905125876987
0.47807517715709724,0.9653728396228332
1.077959233759162,0.6426283197440005
1.3257940220996391,0.6923744900601998
0.28705091101176705,-1.0680169950196763
1.7569682160898834,0.6339376315754583
2.7554582994021906,1.190575436583028
0.30769107537943347,0.5526405648895162
0.09908098216095362,0.2156437502872585
1.0921625628563458,-1.6173155057016755
1.9267105629559316,-0.11123132994861273
-0.5278332640981209,0.31842709335456143
-0.3227879409573178,0.3209083864916971
1.5462892610111756,1.2710941855850215
-0.9297675382584918,0.09700680786846727
-2.4858445004920724,0.7682810414627749
-2.508012806674656,-0.8940451376286576
-0.46644449518754777,-0.2620361085830043
1.2411575114411018,-0.4896744198601658
1.8545554940754216,0.1485005736175358
0.28750487269942554,-0.33171003738783267
1.093321737171514,-0.21169099059272878
-0.6062819271637628,0.6626000545228317
-2.495683296982908,-0.14578714736311527
-0.7815840363718887,-1.5334686442015144
1.1198586938120645,0.9759237927384836
0.4188899576013018,1.599314510151051
-2.5742432754196356,-0.2148058923677978
-1.3617149172608443,0.5872389508100928
-0.6144273299051972,-0.6147704569849509
0.5284676874239348,0.2692096486840806
0.6657027713092454,0.24872658398051462
-0.9941477103657395,-0.03767198411160663
-1.238098620689399,-0.7892615470088772
-1.0480484227889322,-1.0743696586457148
-0.16648354039608643,-1.4275380360836651
1.1483050375597814,-1.4054612901178196
-0.5379414419153963,-0.6747647479859059
-0.3723734322989617,-0.9921779675996273
-0.2178126060522672,0.3755945830535126
-0.8231807075220762,1.5453389848877497
-0.4841890971492547,0.21946084047811387
-0.9093090384434168,0.45355705058813806
-0.9308454174986783,0.4214309381060718
-1.3054839015463302,0.7436976652010611
1.59554408320388,0.41466170937467733
1.2996084608470981,0.9146652068019396
-1.1087900994802427,0.8021085003993724
-0.6711105527886723,-0.8219581157471182
0.366433415824375,0.5187657812625511
0.07604436487725214,0.863654536324262
0.33475006401212937,-0.14762294995510283
0.9601472427796187,-0.0011893550438079742
-0.20259368525133237,0.46951829573653575
-1.0902386918577296,0.0753991281793468
-0.5268447518989189,1.194251217777588
-2.060742931806446,2.7302695678519573
-2.5001878905238617,0.4814563795425655
1.041782837706033,-0.9862772678219596
3.0038044912549418,-0.48439505544712885
0.23193720911330373,0.4287765624219613
-0.6010201104738458,0.1489042068871512
0.49553239300094976,1.5773828653209698
3.673544502015296,-0.8265614465482658
2.588376943846981,0.5934545021386218
-0.5713948919647344,-0.7302751114632235
-1.8007174581032241,1.6849091648132226
-1.703432214557421,2.498508269423369
0.1378272792471778,0.5461629253460886
-0.19586449000264883,-0.2584651650714838
-1.9297860371340716,0.4097680562813655
-1.4859682019588023,-0.20816263577016786
-0.8988119840272901,0.05761288824589646
1.5947625366115066,-0.10891526156733948
1.8312333768770883,-1.9231411533603637
-0.06949961798928453,-0.7740904824105769
0.8485301487791408,-1.2711648193611658
0.9026298664072486,-0.7731652558537128
-0.8481342661120667,1.0394645422896531
0.8174480407658278,-0.8269909396116623
1.5522271704050556,0.743692030076919
-0.8394834427292558,-0.3306329239163945
-1.2227043764975984,-0.14738378460416462
-0.7567832861879173,0.594778949553835
-1.3177358743553467,0.5722720024408248
0.401160378148407,0.9437450838626005
2.6175081094844237,1.2984452477913406
-0.5539408830222021,0.22714938019568104
-0.9425231839330604,-0.45430468962122106
-0.32143209768037134,-1.429437735315895
-0.28736801724279193,-1.4431417609543995
-0.7638665208066916,2.2933850553498036
-1.1665264409978402,2.1766941918665905
-0.2102819355993057,0.031525793679310965
-0.5056011678731088,-1.4894838290057426
-0.1105080785566308,-0.4524394308413429
0.10525204808924091,0.34327383504229253
-0.23218821711809567,0.9123495727840987
-1.0983854103565924,0.128777179786638
-0.988819517569733,-0.06277142682917006
0.7637365287955666,0.20121108209208793
1.157518128735712,0.17940853795620332
-0.978428348342425,-2.086579312982396
-0.8158936273507292,-1.0917518777862087
1.0641581096147794,-1.6091163983146517
-0.9250650823071025,-0.23429104396817152
-0.6144301290511519,2.799921639888721
-0.2944746603949155,1.614148692188222
0.545563386459857,0.7290406807983467
-0.466126158925361,0.9066341271505843
-2.369621805436111,0.7573495821483942
-2.4701775838465663,0.8897100959287021
-0.09541817432891772,0.9196947555591714
0.9731778453930839,2.4253121492513623
-0.8640541320127211,-0.12621583142939774
-0.29910716479131216,0.6382397721299505
-1.1844110095796387,-1.0761948298547312
-0.6815425474440241,0.32704981739306926
-1.0194034016529119,-0.9743957919436566
-1.057648736822531,-0.6181876242968476
-0.1080325057572003,-0.7376425931257684
-0.5894859300818694,0.7325707095680212
-0.8368120037566662,1.2202541574089256
0.8610232712256021,-0.5855905830660062
0.1541285819516115,-0.16781650639598095
0.31488236667681335,-1.0613214232831485
-0.8771253080498967,-1.525856619275049
-0.03537394305774999,-0.9332929711192561
1.9254207764893363,-0.7728410818281682
-1.6666722019637255,2.2382182558358834
-2.600016533308558,1.3111015833621593
0.495484116805991,-0.47641862470630214
1.0113704986215366,-0.9859330568644283
0.1090857576173701,0.38218844353475034
-0.9560307338567057,2.327563889790402
-0.24369435853983068,-0.4441912144611688
0.22230810378983204,-1.887784878173251
1.2095771460532976,0.6432004276447767
0.6993164927249798,0.5740229319779033
0.1269339561690097,-0.15115750831647023
-0.45615280518979284,0.30419624658315986
-0.6392863062068989,-2.6823839241308134
-0.498738147094372,-0.8905348631728595
0.3734956608966017,-0.46155294622311366
-0.11272483806615591,1.0564112606542122
-0.0530830220038403,-0.5458415446244802
2.179920838855917,-0.042590177652307146
1.9650816662483397,-1.195318547186005
-0.44405972287239776,-0.08907994632851013
0.43262739537475947,-1.0708202079111735
0.4232845193516952,-0.6896242414031352
-2.1316079177638656,-1.4276596271632245
-2.1990070504002324,0.13037983215949922
-1.8198345834737,0.8201609949490594
-0.5882488341308156,0.30410074925234953
0.1944098437809474,0.2019251019740624
1.7037997345364242,-1.5036823876367569
0.9639725523157379,-0.8676418153721962
-0.550132151163018,-0.6046527006345228
0.4131131763513961,2.510808249811241
-1.5367181347875305,-0.07871117447469689
-0.849327527693501,1.8056283557517645
1.1971831327042608,1.248939561234534
-0.7626745425384668,1.1186330855021909
-0.00604029995313482,2.1699326780309303
0.9562501553279323,1.1597445876319572
-0.08667759476796105,1.065587529969214
0.11010993106771116,0.21417466703168506
2.5603366517878183,1.319068379911988
1.3896440964649563,1.569960590873071
-0.3151037051475527,0.17998107075372927
-0.799667469988935,-1.2405773394539872
-0.8141974325924917,-0.9183827014840278
0.7600500942129567,-1.2770049777355394
-0.22889355650393006,-0.4444341915931108
-0.5857450746575492,0.9720167355187033
-0.5040731869993349,0.018616226402259184
0.474037058274713,0.14548739705895086
0.7055682129924623,-0.09629711424227169
1.052490884216907,0.8587929617351703
-0.2417476515875821,-1.8901101606599728
-0.7758805605971233,-1.2509267636975534
-1.0353319934436964,-0.7054632258220275
-0.6223685068169146,1.1025823449090613
0.42860612423881844,0.05151424274838112
1.075409533484479,-1.7132899981162977
-0.723237320918178,-0.2784803707024749
0.05600371775209523,-0.9504436222517371
1.9603402848369833,-1.257898180830772
1.2209557225825092,-1.2908207699970573
1.5183042749812479,-0.7911635112682476
-0.233046865936807,-0.8658584245145198
-1.8761391292539427,-2.502821530211109
-2.296605525566597,-0.16658362531395932
1.2392017401454947,0.9720317029038543
2.047041463359315,1.4305918669171342
-0.11098591441686437,-0.4946143615053976
-0.5512047145391705,-0.4611092047155929
-0.9361901546876665,-0.4284236299359102
2.2310620766592053,0.5357384032858716
1.6026063547408294,0.9059018499740075
-0.39207109729182854,-0.2871992864226903
0.17464031321420403,-0.011171816482413652
1.0848862079378954,0.2698264875471166
0.6005927521826113,1.6633331509169311
-0.9976931206801132,1.4240195900680022
-0.1106973377077875,1.5076059999494382
2.4456409383977187,0.6108012648269854
2.4240505600717084,1.680706802587904
1.5602519699348343,0.9990944424197072
-0.4539867838200785,-0.27404504822872044
-1.5119140851216955,1.1818636448436117
-0.3427001767634898,1.000924887537033
0.5495345097037817,0.2571282789246859
1.2379260446802451,-0.447339594088928
-1.4168088975792856,-0.02813484815748024
0.3120897502716047,0.43796712310411645
0.9540266342825048,0.47153884728046885
-0.3892744074578271,0.5291810182756429
-1.6213369460760125,1.8836685236428965
-2.080082614318361,1.8449187040983035
0.5159428683491749,1.1292400645318927
1.0470633193069694,1.3390277629439589
-1.4404171971258288,-0.5988089938410389
-2.4356304566101805,0.26731066276603804
-0.6239786651709102,1.658719998653572
2.2867639815838623,0.625054759484913
0.7086538806917453,-0.39206038185610137
-2.4169937365983465,-1.0565562286584067
-1.3512140764142178,-1.6047587713653382
0.40189703648274294,-1.416241789642577
-2.3037298338127608,-1.0113027730438269
-1.6773511169484077,-1.7891988310529645
0.16263423552004727,-0.6577609032988625
1.1554530742850937,0.4868544016128958
2.0098952909381866,-0.5421598104473806
1.5863129849783133,1.4268646037189947
-0.24958922867774846,0.8461788039402262
-1.622497957382064,1.690682598127626
2.2041680358933653,-0.09236469304423567
1.9226335849166531,0.900565581212978
-0.4513375250518227,-0.9474741757243078
-0.770277034915568,0.7098315087983682
0.42314172281931284,0.20035817000954081
0.3620814619331334,0.8890612061531488
-0.7582475443064396,-0.9027423156928788
-1.022395099796316,-1.1993323185311104
-0.09241075557430994,-0.11347810034471251
-0.2300821078840498,-0.9779776696058282
-0.9861604787912975,0.2630355558854581
-0.29009110887658907,-1.4663596908878567
0.047041045959689,0.4402809777123068
1.4753269702425682,-1.3033949716399156
-1.99484506802689,0.31374287557212
-0.6341709580203296,0.4767939142872575
2.221487641549423,-0.28082946366731765
-1.0445299462286513,0.49100711980669715
-2.1025305795734517,0.2842213446385743
-0.456143654358307,-0.2600569807338978
-0.7932242213559791,-1.1459587475532367
-1.3668630870044018,-2.527700122160884
-1.4886240091617016,-0.7379666345922005
1.532745138073777,-2.013730459943951
2.17299034936432,-0.42568189491360575
1.2939528988070899,-0.6947513677143424
0.5887023663793755,0.6023667488376883
-1.0470789675582224,-0.10942285413926073
-1.0836203534871545,-0.24652315351157844
0.5888443415393272,0.5094779399024998
-0.5953112548903491,0.5289719748953083
-0.09580343873988106,0.669740380102914
0.1271973782249644,0.6962473814068728
-0.38238265004524463,-1.2530183001288617
0.43700926632041076,0.2833401076466975
0.8793987453138603,0.45451262904626344
-0.2162479563314041,-0.5446590069749617
0.6989083058056981,-0.4670130869007195
-0.4476054474685742,-0.4419444156702608
-0.0005708609591531522,-0.22344384155504557
0.9564002123842339,0.26826906651955224
0.0794180078639884,1.5245617331380776
-0.11247225220983542,1.7544714303758624
-1.155778663945368,-0.45010246781291974
0.41825741491193236,0.4217123312353348
0.579621452543694,1.1840955576284071
-0.6731967344922323,1.105002845595181
0.5062516153013126,1.6443838293222708
0.001304774862752045,2.5647051719819127
-1.7955740634812865,2.1559118519430776
-2.3538182696356604,1.262473547794751
0.32714880324100304,1.4519247761735394
-0.2990606287542087,0.6377158014233113
0.9709258120596267,0.395384718749138
-1.3815064268286037,-0.298386668470683
0.4604281230950813,1.4300185775321017
1.3261699045763864,-0.2984875931232778
0.05985649350453942,1.6740202659509478
-1.085990167725857,0.8672826138290175
0.09144676465214996,-0.7396502079023581
0.563055062465063,-0.042113939807243705
1.1219079973778066,-2.3727586428956378
0.41194346904884144,-0.10420779833218752
-0.09206949020959238,0.505426737425918
-0.3912370923675115,-0.050610957407146384
-0.12414073099025871,0.15217475859145824
0.42293605153876707,1.8258697254369032
-1.514877419865615,0.3129805780248526
-2.3419203040059555,-0.6749590386362894
0.4143298622602981,0.9063763563613775
1.2460150372879455,2.2375802753988543
-0.2365248096400466,1.233229568798945
-0.6399700179465432,1.6017174613067335
0.3950621086660119,1.747169831248578
-0.06954857893109329,0.09754504429647537
-1.1386040727901738,-0.3798567537239576
-0.2596700700986563,0.8140069092460724
-0.552815492055492,2.031772333360043
0.03395923017801922,1.6061489256041792
-1.461130257140816,-0.1491577258197595
0.1710477952551276,1.8039996283509259
1.2954783546466186,-9.075918280421202e-05
0.526018962581458,0.04859219321359476
0.6321708469639591,0.04899145267745142
1.977646057583151,1.5905542201591871
1.792311462844018,1.5783414951850196
-1.80710735930842,1.222704017197232
-2.6837571662952904,0.8854275232285376
-0.7046811886203105,0.3532897307992817
0.6542075671866399,0.7145319410113246
0.6603519651135401,-2.2932498712938605
-0.8636078519140775,-1.1409896357919678
-0.44437163059940255,-0.6361890720194292
-0.413694428673277,-1.1434675473737341
-0.768900772411701,-0.001685735161208568
-1.6731385948373148,-0.3952461189473496
-1.4580910430583667,1.7895842052645095
-1.3979409842091997,2.213868638245216
-1.2804259425202122,0.6900450304624268
0.8207811088406598,0.13474597835049643
-0.17838355999334687,-0.2740243209705196
1.876714541916345,-0.5264898158729884
1.685023173603867,-0.007823076118240124
0.05331372753996555,-0.8157699181242263
-1.2988695948298954,-1.3754206672841245
0.3612228529448343,-0.057019530741019064
0.26507114315758395,0.5394294733006604
-0.18583995921424284,-0.36569055880118745
2.4068735576718483,0.7624880021651459
1.2533110873499127,-0.5147302847582892
0.5353240992818595,0.2691407756006285
-0.5807952076255443,0.7321367890780491
-0.342385926480681,0.37047461175266383
1.9970700960643135,0.687399090043386
0.42660191195962105,-0.34461704844223184
0.9587372806484462,-0.2666161673407856
1.3732336390127506,-0.43937495741785076
-0.26989821432019123,-0.8878620939208042
0.002589268518739196,-0.5371633309959798
1.3834449188487452,-1.8433014680721311
1.258258144518161,-1.163633315622338
-1.6323002533520006,-0.9459224818856367
-1.8957273909902004,-0.5174760739858799
-0.12758057546697252,-0.4294319948798321
0.48317992799116743,-0.2352171039570545
0.5469068710817079,0.38228660438077866
0.18404835738512956,1.0477644214089095
-1.420137629960157,-0.15612594176943895
-0.31251376845033846,-1.2007518238886945
1.2012073475157583,-1.718254322453241
1.0326234799220568,-1.2649809427089116
0.9339860380677034,-0.8594158099674107
1.024844903124879,-1.0569254696825392
0.7111342077414358,-1.7096914860738301
-0.04022385153682795,-1.2055663130333831
-1.8316709825301474,-0.38985671015067225
-0.32387850481578667,0.5307638656388968
0.9535391557129259,-0.26498328073990385
0.5439534709537003,-0.45745820363609313
-1.5463171191630796,-1.2591243536371808
-1.935484004324067,-0.526017840556731
0.9673601049431498,-1.1390137949949184
1.1026034769443376,0.2243246084524413
0.3620255825084048,-1.8111439568948755
-0.14849855009887525,-0.9020379252537469
-0.004985231419027285,-0.3785044773694763
1.0824455818176026,0.19638855026346247
-0.002029031618833943,2.856899672267021
-0.44711357606104046,1.4821638450568577
-0.46832844456262523,-0.05622448782069833
-0.44550946800687474,-0.3921460784555049
-0.3871853504029722,-2.115648411354684
0.15763014152313906,-0.8197375568100636
-0.29544276930179664,-1.3981698567593985
0.9517826000804585,0.55798792797083
-0.23946858922374858,-0.4333009814716978
-0.8415857926738218,-0.06196494296541209
-0.5504331399831198,-0.8471262901011625
1.5446604928543342,1.4495984405529958
1.0757844343955374,0.1836304222020998
0.6873198822426125,2.2257153425880363
-1.3708605505425675,1.4508017496745738
-0.5468830636442237,1.3574945452264533
1.4390835155211315,0.8058053668871541
0.8010951687495882,0.6859105753438752
0.6371095889507348,-1.6595337158638535
-0.3114645368955726,-0.9318132364241252
1.0952794110123438,0.15530283972033598
3.1296920153633554,0.2055009867543961
0.5920748343567321,-1.1712013288379208
-1.4952552297016144,-0.6291495443411311
1.0356578481611987,1.261586781983431
2.9634436515334652,1.9128125868636752
0.14198182859254216,0.9479843317245035
-1.6237861589340792,1.3007151879720897
-0.5719798723171248,-0.004528512354626701
-0.7901510020072914,-1.5650396118565137
-1.3524947431160974,-1.7159667289706575
-1.3997086117698958,0.6819408972083604
-0.949434699832486,0.07382262913510867
-0.08004688004129576,0.11588541844571956
0.38896692007813666,-0.47938971257367907
1.595120452907296,1.7111861172505494
-0.41128665033247047,2.297662092308802
0.058912230872327886,3.4404047764648613
0.3401346869583494,1.2162545575878212
0.008890188324083712,0.8976404746215148
0.5209796890239364,-1.4461063170419686
-0.7986503338207024,0.9589647529740863
-0.2756272275734521,-1.0319985456468626
0.5321596991414684,0.19274407109093736
0.7366146606014689,-1.360926167508173
0.3362706791231279,-0.9627551686630449
2.3615600890000175,-1.401999920035032
0.5222276528074227,-1.1194402811173068
-1.3834090372734893,-1.0334515367342159
-1.1036468536652169,-0.9462804543874139
-0.3111504967946339,0.45228958286558274
-0.5178207563259241,-0.9360098668279203
0.8649520306088634,0.02859648332295095
2.049660542098322,0.9747168851923491
-0.08195618926993176,0.04014972451298737
-1.725173532666583,-0.5578096908612928
0.059738993107742944,-0.6716510908333103
0.3238419807522054,0.8721396910643293
0.4199486050444254,0.5968403267435665
0.26292413161895833,-0.0996536797180424
-1.5294879555595244,0.32962322263100763
0.7352888787497054,-1.068105777743487
2.980850916573928,0.3856056458647905
0.20409473731582017,0.35046346692801983
-1.629021873815097,0.060042305074707314
-0.03452273152576796,-0.8391269945922544
1.1725253085948535,-1.314457783004015
0.9362639179701218,-0.07143077210164195
1.8851692971488303,1.1769031603423887
0.5320105238142756,0.01472965487060307
-1.2876238476117068,0.5721577554866849
-1.9121025542977523,-2.0948646612901136
-0.9367672885220867,-1.2819125270325817
0.19701589049169435,-0.8910141307144024
1.9790289421651277,-1.0974923093273543
0.1860417690961279,-1.3096974214436
-0.6333024567972625,-1.3152871314792747
-0.030289220586421722,-0.2558710066980601
1.52710824537273,-0.2707857940164913
3.1789706674937452,-2.22550502218961
0.2890045940229026,-3.0721913514869676
-1.6290008301790975,-2.1266146089086932
0.7209522984668211,-0.421269530879838
1.914668972753851,-2.7464897616609663
2.117765496843729,-1.4614261374256587
0.8296669070642672,-1.5503913797956437
-0.6204075911260203,1.0279195827559902
0.2891706809659114,0.012438942615289217
1.7294260980417269,0.6454815935183174
1.4165283715100676,0.17894619046997554
0.40865930403465034,-1.9591669283499367
0.9086253754597906,-0.041642233264904016
1.7025843004602566,-0.11649055183317733
1.86087031434469,0.8248894068466259
0.9095779696238175,4.194164113943049
-0.30224739258523925,-0.36113726502168086
-0.0870249318022675,2.068922785892571
1.4960357908246062,-0.22280274134548866
-0.08585478819084702,0.6897588915711995
-0.43967696699527903,-0.016814939360145116
-0.2710427435646554,-0.3562425601976376
0.09589097701195991,-0.7531811351883488
1.3739833294965504,-0.02569533574190741
0.7759366955492675,-1.5563200809141031
-0.2334085734151007,0.24256230952499658
-1.5897321095627932,-0.5711148468780514
0.22327913706322788,-1.0713733507379297
1.5053080897710658,-1.026898915077533
2.4863227777468206,0.73812327195214
0.22738493644752222,-0.1674792576699381
-0.6092569750314971,0.5214643484619028
0.32832728352060975,-0.7481753545364921
2.091722396329032,0.5730754251003163
0.6645506290109596,0.7693895960450099
-0.36889890118457513,2.3501884837895792
0.5095162238845783,0.7695319094564104
0.7587268114931268,1.1530118765471438
-0.395608100983169,0.31286027779234254
-0.2811742185629247,1.5356952391059642
1.2825940533685196,-0.17106341300184125
-0.3237527836419719,0.8462338923926933
-0.7264385880709547,-0.11234488724838834
-0.6449449064799607,0.08143449830801389
1.171042912991945,0.0076680247699692505
-0.7604807126620128,0.26968493707347724
-1.6536726413945595,0.012192860783224652
0.16482449329663657,0.24389368484974627
2.322676454047536,1.6291346178938075
0.68244119102355,1.68111086359125
-1.342352259545864,1.7367698840116392
1.3332956349653904,0.18775721665945344
0.02629828504409315,-0.8107102608888036
-3.1207750834899035,0.4629423691392619
-0.8668631072205878,0.9913947673563981
0.6301614207908652,2.1096795602342255
-0.8968755698229676,0.24790168209010144
-0.22853466945168066,-0.0293397030227443
0.7040034481150153,-1.9124978124603418
-0.27718468591797396,-1.1171293676791507
-1.8166053995777252,0.3477368193974678
0.24354766107327208,-0.18560850681468088
1.6248407711005648,0.7528527966833787
0.22814961131871836,-0.07425980168594118
1.197000948371397,0.4399997243826832
-0.26069094357970024,-1.0752195103263864
-2.208741194636544,-0.2766499978258977
-1.4265330057353869,-3.301359607991863
0.2933798893791408,-1.3577877116321038
0.6615476579526468,-2.602572498250151
-0.3424587747166543,0.49773637161216444
-0.09127184194452559,0.7706631862686957
-0.9936364262138503,1.1394322780359303
0.9240905569952662,1.940896825775166
0.8584579448230844,-0.2005127353712609
0.8857522402592666,1.8240984577334372
0.5411906054948485,1.346461887179157
0.4561639907361918,0.6605302978598753
0.7044044209047289,1.320655501573481
0.6800668962005532,-0.7230120397041404
0.7217867956626944,-0.9263455223374439
1.4908933640444477,-1.27028344157426
0.7170878331324575,-1.0197678458181976
0.4664583512650561,-1.450725642957769
0.08312823758796212,0.6417666975720193
1.3918697252374173,-0.08658846635977746
0.07127011201846911,0.6158881283375444
1.157266273818934,-0.5070056991818782
0.7812140753033725,-1.9429923566069256
-1.604547178972135,-0.629289371752089
-0.8333229574631776,-2.3504130222277633
-0.13919673165972757,-0.7525188287359529
0.866797226096022,-1.9694451498929308
-0.3162915919171516,1.419359769872043
-1.0655671885533122,1.2957786102172018
-2.0908190840444068,1.0664816799106114
-1.0281905853780544,1.5794170108156773
-2.105678515006443,-0.3091071690224242
-2.540810605108799,0.5840649909801992
0.33721049401750847,0.16330739194702995
1.8036750052126975,0.5069880684221832
0.6505276963607994,1.4379046627558498
-1.4761076987516604,1.3206395272226104
-0.7502940526556702,0.9634265539689745
0.48940982322958665,-1.3196503402643462
-0.8337342910002464,-1.5353841709232752
0.6917674341211,-1.0031936825759984
1.737995117782262,-0.24372508774547752
0.13540280980086772,-1.1296674550419805
-0.6360568281719463,1.987606897991847
0.17025201251759786,2.1420036080827645
-1.611499886119345,1.932178945167439
-1.2652646974734576,0.76780240601681
-0.4748162511713353,-0.002758729269908722
-0.9286957639677234,-1.0151909895975728
-0.7610929887788405,-0.3669495564603772
1.786524664209697,0.0031692095436249845
1.728912534967734,-1.1154154038688653
-0.7522036521595465,-0.0852020509049271
-0.3106703793655422,-0.3941166545712771
1.965904579976551,-1.8696582522338212
1.9124804321519062,-1.670085748577883
-0.0292157798652568,-1.3301018050966622
-1.2246039677188452,1.4641299407376822
0.483025306117177,1.1875465274433412
1.2414568663667094,-0.546554022084331
1.0294882066087294,0.11880959913780786
0.6257925330264149,-1.753533943901278
1.0959962518015198,0.6095803451370182
-0.09423571085126958,-0.5022394269445589
0.847436590913214,0.04272126669979967
0.8876350059349455,1.1470047765011582
2.0765129379658775,-0.7849357661891252
0.07473846610854096,-1.5142446182840343
0.9126035684235703,-1.5285956709664763
1.032145922213338,0.38580366494701734
-0.5766991334978563,-1.2790743329729173
-1.1057876482252047,-3.128380372995511
-0.37846238111532676,-2.039824920296279
0.6724887532572841,-0.4783694228858498
0.8271535255767641,1.2856104121804979
-0.5720600940019043,0.18246557778340883
-0.5894636513988601,-0.23661262702851327
2.2989992850287386,0.8503816827837265
3.05736261951413,-1.5316093881279225
0.6976126066369557,-0.7902472347844534
-0.6820716712646392,-0.5259069300567721
0.0416617116702899,0.4088320447001546
1.1149071855252723,-0.27299203769935154
-0.6225841625238422,-0.03471604918500143
-1.1177898691138444,-2.6274929566879175
-1.6932054900675362,-1.6432470501872918
-0.013001520376335063,-0.5562888584029688
1.2637399507255727,-0.9983650729330471
-0.18345682476192743,-0.19788077834593426
0.8477880714710158,0.1757779791621331
-0.4573952247407551,-0.14610493405980654
-2.1536578932680914,0.1675058408942743
-0.454121901409493,-0.9973118171433134
1.8053872535933027,-0.5405651745109203
2.3829506903056483,0.2387518881254202
-0.2609269247946657,0.33907604489530924
0.11781947659979908,-0.34067723429979513
0.6274548692576549,0.036695784755749056
0.030005011429175138,0.6283369714837546
0.6084989038923923,-1.6968324410355928
1.0670607984965592,0.5534804907158919
-1.3411102073963308,-0.48760749627195626
0.39415462755792907,0.6387102572545708
2.461135931323893,1.2665664753369985
0.13970590889418644,-0.7651279478003057
-0.6860805522658586,-0.8989364042261647
0.573364141967495,-0.9838272060158633
0.9183372947194213,-1.1120053002029742
-0.5150346879226286,1.3348705586243257
-1.2736365308655775,-0.39792351982939783
-0.22118753351903545,-0.37777464426654117
1.59594658034811,-0.27486130833980765
1.1974399053548894,-1.287057947280958
-0.6141051762865234,-0.8152238127058065
0.18511548589726035,-0.20146388127515702
-2.209444308467206,-0.32458331340932034
-0.1713352320674344,-0.13129504227790023
-0.6836361433987619,-0.6665449773231036
-1.060480258762237,-1.7542192118300999
-1.3423589987213682,-0.4429945460675795
-1.5723480743802236,1.429229263428707
0.8337361977966443,0.8168528228441064
0.46686913503226907,0.7591046910550971
-0.1513992645275165,0.7883488912509107
-0.18930753909974798,-0.9246621593256905
0.5514605169434595,1.4025992860459837
0.41692606617635586,0.5025355107106346
-1.3881209573920712,2.2235428150971113
0.20403541105161838,-0.019591596961505142
0.3857068142958035,2.014405794074962
-1.7433703885160727,1.2824703644007163
-1.4518466801615268,1.4085208602336192
1.7236630076707447,0.6877871369045263
2.089302508326414,0.010993189422517313
-0.45620172011233,1.171327547550037
-1.2772772170036517,0.5460139478152612
-0.31431229799776067,-1.5507662581057717
2.4669900990413205,-1.8619063821874493
1.5171312073503636,-1.222841247951694
-0.107750258253961,-0.09949525622364458
0.711240741037944,0.01165737870850201
0.9517109001425388,1.2893350891833715
-0.16035711791919793,-1.4804900947911284
-0.6101357099082578,-0.27116157217219083
-0.10614837538008612,-2.3458746099966783
0.1827000071704047,0.07559698628085454
0.7500265929305737,-0.33596756386448184
0.3143795036113667,0.6097401748925676
0.5513565339900566,-0.7243765861127196
0.1877772536668774,1.05979473902908
-0.04027854912322566,1.2943457485450218
-2.001957279129148,1.3840736481327536
-0.026956239567104134,0.41641787355896964
1.3259332858543695,0.7031136774533221
1.2740634167445595,-0.5138048279283283
-2.927581560662015,0.7467558174143122
0.25273887324831423,1.7796353875360011
1.7053832721489026,1.9870696154149683
1.2489887040554075,0.1934860224814412
-1.2175554365226156,0.3907594973438949
-0.27942151079666133,-1.3674553577916295
-0.3345508594995975,0.1635588888541475
-0.8948447223517964,0.2916170742052148
1.5780001202813545,-1.5178578810344459
0.9788298486533094,-1.7745293558664679
-0.26112120710465897,-1.3087973361683618
0.5656922268660409,-0.7626504590120422
1.1048545746886165,-1.414762503298266
0.3677758376339324,-0.18506996895758626
0.10956007931209155,0.044222020055743994
2.495278621015078,0.023013930403340654
1.2087956413446943,-0.758057070267617
-0.4202304272578061,0.6881097867596625
0.7351970859093774,1.8481525136074117
1.9249988178105144,0.49321349931375014
1.6978850860593875,-0.308969376766947
0.6722127733354967,0.10127245339610685
-1.270841305530326,-0.3451963887286339
1.001481510080062,-0.1352466529384298
0.12425856945360536,0.5764854575352818
-0.3901442661802604,-1.6553139870163944
-0.8111809658202784,0.7764558353671536
-0.2498049825222805,0.027194628018221242
0.5314215487164273,0.013069762625357084
0.5497342879055713,-0.23202725474751865
0.3811161273254006,-0.1967122500367149
1.635686498511847,-1.7729998077031526
1.1907663446883174,0.7911865125814213
-0.39039348673733343,0.11994053221843526
0.5006445522779013,0.9080138515915933
1.8731427773699214,1.1411483124341784
-0.619437399938449,-0.5076419101964705
-0.5487611083487469,0.3504718471833212
1.1111394435797337,-0.3846010685527922
0.4084992926165586,0.8817559085675448
0.9146345161602825,-1.868811437534536
0.3252399134552819,-0.6959540358169191
-0.08742098935764628,-1.2806266019859178
-0.19647537245827718,0.16140639824819014
0.026099838722208467,0.46210317088667585
-1.0024716791764883,-0.3899293346844986
-1.9936317160352983,-0.8542109658943934
1.104145012540009,-0.6078226826743547
0.5014326801340281,-1.154560533990953
-1.6914748588663573,0.4501271939588448
-3.0290148805959056,-0.30140639046115775
-1.2074452225274708,-2.802075990864982
-0.7505999361465524,-1.6483795044846967
1.264634827207647,-2.060569109289187
1.7759454265142396,-2.159139960785076
-0.582615032753738,-2.2015001106601426
1.3260825411518493,-0.8749449280943425
2.291303359247236,1.0011762255146475
0.04125601898832326,0.8774633467141635
-3.3592128767726597,-0.08263735019527829
1.0489687965596977,0.30725818204390076
0.8227695737002474,-0.4586796486154326
-2.4303409337411486,-0.7414652346995305
-0.3941910623991183,-1.5699299089639398
3.6223812567503373,-2.4219539847938565
2.906490791337016,-1.4369640297300283
0.12712567486587534,-0.523464634729162
-0.0704519652202169,-0.15037938601467055
1.3359248970046649,-0.407200348977275
1.4875421558723811,-1.1411199328801915
0.34290966035919057,0.10515768902204847
-0.20093016440378622,-1.3575572614816318
-0.03700460910653458,0.4316490033703319
-0.6034198791462123,-1.08694542937331
-0.6040687447673702,-0.9205136707706824
-1.7006821688272713,-2.0684243912349087
-0.767330314653943,-1.313846794337818
-0.6427289290177274,0.3347160425390211
-1.3814250581631173,0.7553324277694571
-0.3429199763500051,1.4772670849490113
1.7827090414476099,1.068199817278337
1.7048461032684972,-0.6012861765483843
-1.6780160679827345,-0.6156143919595243
-2.3245174139064315,-1.2436157674075963
0.9584897356800668,0.9192584850937879
0.32341296765839256,-0.8986184235459342
-1.007075016789148,0.8141547020302983
0.076506053936795,0.8913963519365202
-0.3618713259689853,2.454911056576328
-0.31522818716475987,0.5900476490895683
-1.2954027147287328,1.0973335830431892
-1.1638291729269972,2.4436747225820583
0.3225230676104528,0.5087157055558892
-1.1088981562086908,-1.0976013673441856
-0.5080017085345723,-2.6793186360008168
0.34531503843246864,-0.49980405896148206
0.75736869665893,-2.1620684066863802
0.3283406214709777,-0.911765527502957
1.2186894000663617,-0.27655949655378353
0.7218726312773853,0.2484050957641215
-0.6121458012255456,0.6307090350278262
-0.30097383320590937,0.4480204625234972
0.8432585393016832,1.4954152148889865
0.4985470963343915,-0.37408309867318346
-0.19195879692094536,-0.6742619467600321
-0.8785929265740872,-1.3291524148758755
-0.9065085631106408,0.31802949221672117
-1.4549548494521594,1.0006774795588604
1.2996350147013627,1.0604422982353165
-0.0478700159366523,1.6341033711358501
-1.6576486830053465,-0.5692758048248571
-1.263369596163272,1.5510558646675632
1.082489917178148,1.836716006119799
0.5464503417776129,1.8450846793959912
0.727048365740812,2.533019294183036
-0.36669362882663936,-0.7232170449956258
-0.15858676670440114,-0.6525577467024435
-0.5858839490504758,-1.4420696774903452
1.858161810835023,0.27002349860576674
0.002707107572356371,-0.982140048303794
-0.7350834312144011,0.5538826506238302
0.6365139737057244,1.358491981851064
1.1001392214260322,1.4706659024839304
-0.10049172126043462,0.9729930268941149
-0.6028333763355146,-0.665812061410949
0.01266848872677604,-1.156874995387214
0.14065058665056976,0.614516516576296
0.9073034904897036,1.0251412761863896
2.5963831512562736,0.6476057537735889
0.3151781627055654,-0.19971265234530852
-2.328944775756491,-2.2046775472309963
-0.8910668873310283,-2.0065484316587567
3.3616839144081627,0.8753357577325349
0.8569118777485665,-0.837143661751909
0.20851740964806353,0.25072331896201094
2.0258403629078217,0.6990992303828907
0.5264556104715977,-0.7951011323578889
-0.13900581510322396,-0.015025400461274235
1.7008339829226915,0.6353229270224007
0.6460832801197902,0.4430786793458374
-0.7587568745244573,3.154777445682865
-0.9439341946862292,-0.5174882400393128
-0.9781287347497948,1.2518097430326312
-0.8181261900026813,-0.24989010310637133
-1.3327258333259455,1.020418018843253
-0.41884210035236497,0.6982346924149766
-0.47665660257238784,-0.3250572899792957
-0.06166650598445289,0.06812605912511535
-1.4321690179801327,-1.98624975354755
-0.4497023442978605,-0.071214162250119
1.3124289972531702,-0.017912969200402973
-1.3991037753919666,0.9388978052107307
-1.0716502853345684,1.403029932341549
1.6538815369526254,0.9824652208375018
-0.12669586262600196,0.6125728534083056
0.567953629981476,-0.7115466166790685
1.0971200630603093,-1.0202212723740849
-0.46576781174419263,0.6375258137193229
-0.7236222890636618,1.6973630246821956
0.6488236864740498,0.6924441120235366
0.6690748168324288,0.38165919444024604
0.4041570998128263,-0.9576464069860726
-0.9233677142943575,0.8247119194459206
-0.3605866196510281,0.8631352493006268
-1.0514925296207502,2.559211219520694
-0.6413525591924328,0.09778894451329434
-0.7709549801808366,-0.14697189895098806
-1.0106296590081185,-0.1832541602356362
0.9879853239583098,0.6256655370305344
1.9364266160413157,0.11236195430034765
0.8812328351470562,-0.7652812841550222
-1.4223125903280467,0.46752280147780123
-1.0808958392240902,0.8118100469789
1.560052642560573,-0.36339769686842094
1.177728636466627,1.2052737696436802
1.911988369089903,1.4374935994696847
1.0724582342181246,1.009008821258083
0.007829776347467787,0.4843760740341347
-0.4590330193198492,0.6261858652406596
0.11460115379224875,-0.6162006030970844
0.13591320544499863,-0.14843241760364898
0.6269580986509955,-2.3988818740204247
1.2251449941560322,0.02451167140848798
-0.45971337166643145,-1.8566260276234392
-2.048270516738811,1.1417592331031359
-2.38545494680828,-0.1972001293274085
0.24745643754452284,0.10731092901094269
-0.19656501734523446,-0.8114367270469115
-2.8519923097590176,-0.6026325309352317
-0.889643754167023,1.1149956237538543
3.434860791759741,-2.0068077806524878
1.585782899471685,0.7074013270185668
-0.26397692252579064,0.10246703857645939
-0.15607839409922453,-0.688722639590076
0.27221619091647736,-1.4567140078616116
1.0804283909904613,0.8841615756313432
0.08261587702849571,-0.5975433869742213
-0.17707070472578434,-1.028635354410591
0.40794019351696587,0.39232227414352616
-0.3590618291159745,0.44747354005301815
0.5731271972748957,-0.46131006331261437
0.37272279520341967,-0.05697939232416627
-0.9277597263517776,-1.2204803664393493
0.0008940222477840098,0.75550781758788
-0.35959654845057254,1.1939737191500925
-0.3376160732504056,1.286801004297978
0.0020500454054367383,0.8928748302377338
1.1838093154693847,2.065454409012763
0.9980546532618457,0.8126598957092798
-0.11749428076782607,-0.653643157005299
0.4967536952793281,-0.023369839119546043
1.8969424676932596,1.911274377043796
1.2344058364052628,-0.04549849952131457
-0.22156495674475213,-0.1415524491071925
-1.6604331353865152,-0.03256691653189725
-1.5376665851152014,0.004234736226646184
-0.28815442056796114,-0.8789317085491745
-0.3168427469629661,0.7127649693778233
-0.5088487832059888,2.4740927903962535
-0.09698397733799644,1.4607051046999524
0.6722566078981338,-0.12960348952125955
0.21235175791777616,-1.851748403240703
0.2371524233684238,-0.6328287157210093
0.21132606911507085,0.7423795782886875
-1.9459093918969925,0.994111478188239
-1.9705226396511013,0.5188264606741761
-0.11412896577565568,-0.4476828642082332
-0.6706797842827833,-1.3285934457094684
-0.07245120718757958,0.22110437770085445
1.807039327736168,0.9200230621001116
2.024371162302634,-0.9297957402390342
-0.11926719508449093,1.2456785499200662
0.7803148237036233,0.746287876159055
1.0033326990566955,2.106174826957599
-0.2494304724584014,-0.6100685241585972
-1.0837212845577635,-1.482796861265747
-0.5189485527264703,-1.097937296479007
-0.15567654711726248,0.033449456363643826
0.13530796826853891,1.9527838007548524
0.20227652819747122,1.5754585710544753
0.005394990694428126,0.5786585355921083
0.3655589946485361,-0.911618044246166
1.4111835824028895,0.7466485066091832
1.473445427457386,-0.7806159589628223
-1.380655246992948,1.6115865562877807
-3.698734755646544,0.07759114457720495
0.06996924240395297,1.9653687792069432
0.24134225121123776,1.2298487242244658
-0.87882584861835,0.6117516483666081
-1.716203227493363,-0.37051518058532645
-2.1724006767752786,-0.5897650729092679
0.13759883384016025,0.13613462988896763
1.5709142701116936,0.14621080996398783
-0.2943328179460085,-0.4344538018690472
-3.4961460694057287,-0.38000902467979925
-1.8329682199600041,-0.1658189568285146
1.1645263665362071,-2.146992705622442
-0.6793934894071689,-0.3697524140614813
-1.1051936521845331,-1.435074207125771
0.00469534274556376,-1.4077704586558581
0.998357299184703,-2.4425936758080504
0.39537261619681624,-2.814829957673898
-1.273622213826386,-2.5792078063926587
0.5617455464898309,-1.7893677082357733
0.8382288303705017,1.2630165035406853
-0.14378734033487375,0.04271769182627638
-1.3119269351279175,0.5533759771679202
-0.8597062825139319,0.31381752624498005
-0.6874498557868829,0.3445827726987896
-0.349203233585482,0.09512702971224446
1.7088905347402574,-1.1869515920248874
-0.48034422992586323,0.9495770046217159
-2.778019426926898,2.0289795338697965
0.6641108359411427,-0.5245017721837681
1.4156726082969815,-1.1549330754440885
-0.8488957378673768,-1.1942193869683635
0.04044268150212593,-1.3836705091269077
0.12218819160728356,0.03620733277868693
1.6971033210260396,-0.8152473194973243
1.4734719723490723,2.025536852880717
-0.5752894441627295,1.8380893607442532
1.4723481692148104,1.3383102887116338
0.7127982781552461,1.469180453875697
0.24726253764697886,1.5804671388748663
0.3609943439953204,0.18650856068059996
1.5011668482040181,-0.7100261124580693
2.1810499563605976,-0.4175280812646114
0.4441445719431205,0.6480281763232136
-1.3216371929141184,0.5071577673434895
0.013291251782616531,-1.2628814853802468
0.07857776698488539,-1.391904917231216
1.7817030665449338,-0.8682015858320141
0.9907562312192849,-0.34610208294883416
-0.7450794155779561,1.9200840759811626
-0.3268969042247252,-0.6196707529808239
-0.939883787609224,0.5429567179132178
-1.427123363318492,1.27555242234294
0.8914147392448463,3.0187717613048743
0.31439801478842855,0.950916407483644
-1.620844017573847,1.0111054070734542
-0.2526853158048823,0.6450129113315385
1.932663108505165,0.5708147102488096
1.487458719305321,0.15027559854160438
0.7229084280449178,0.4550818284703107
-0.7525376124986294,-2.3875094897914586
-1.8620419431525532,-0.20003632717522912
1.0911631722375084,-0.36066812587888586
1.0034151963531692,0.0326171117053109
-0.6671153930277276,1.9957256081068417
0.7111614816061111,0.07706839046379133
1.446051485988213,-0.058990937865384396
0.689909695667113,1.6278427009415561
1.9291637460617563,-0.15636278068747222
0.2653190920148213,-0.2854738142150614
0.2338997401911922,-0.6166899280604226
0.4271361981976212,0.6168897278762476
0.4182743262694357,0.49998867317587814
1.5708174384866773,-0.9572839995720726
1.169534552037769,-0.9868779497821006
0.42130950107906595,-1.208009462608766
1.0125582995277862,-0.479813387446087
0.16457858008902854,0.21274891057694745
-1.178937626842572,0.56537690577299
-1.5140556375812766,-1.4809763541042646
-2.1009998787275483,0.4789980127078868
1.5269474839986719,0.1453417148064453
0.4079541881251716,1.8047418822608126
-1.2009502472680318,1.0737818001272215
-0.775876020785788,1.6943619029302028
0.6015346486752571,1.0403339927316335
1.264252497816213,1.8632407681035277
1.0366572087730659,1.200704531933916
-0.5765681533554606,0.5148527348250318
-0.7208838952874321,2.3899438126750536
0.4177535212769271,1.7686364365257736
0.20531395142754041,1.6110896860504345
1.3569490120378127,-0.780095511452603
1.150343186198773,-1.6267060577775483
0.6726376634158057,-0.6054988898050624
0.6954183096834916,-0.12388489461407914
1.4149328178589224,-0.46809944125846387
0.6753063454745836,-0.06100996706079426
-1.5275615222113177,1.460783238385925
-0.4187594185185245,1.3731480556513551
0.03810542714948428,-0.38625944151954006
-0.605696563358016,-0.35929148867894944
0.1807111397976382,-1.1918725646355597
1.6391080084413596,-0.7431391568924686
0.6293306983863192,-0.8101855764488355
-0.15991341446902885,-0.7594018237784306
1.6354144898958358,-1.5702783047038897
1.2642832713482643,-0.7730025050887497
2.384134822012803,-0.9882101210466046
1.452518318942981,-3.191988149196649
-1.973714356421076,0.7130102574465627
-0.48294775217493524,1.0311238570166568
1.4170453507944445,0.6750987441121716
1.8450064342832202,0.19492965603560156
0.7905723425793592,-1.2770169448988211
-0.38226395967681537,1.23270685380602
-1.4417151005608089,2.2240815417021893
-0.5806343592121501,1.424326069499029
-0.49643287547033377,1.655394743915888
-0.8267657280459764,0.6317071550820191
0.30728510629035827,-0.9595515340467577
2.1376433464255067,-0.8939275108338524
1.14449750428136,-0.43381901247628507
-1.630998961849186,-0.5253235427237586
-0.515616895560031,-0.36089397490082653
1.9832220206465005,-0.31522518410616207
0.3134367614140464,-0.18303430409961788
-1.072033175401151,-0.007512775901435648
-0.28140236954910147,-1.063965219557246
-0.32689555787340596,-1.1255806285373318
0.41112720460147656,-1.889572245270124
0.1917827587198394,0.24887699866783175
0.244481109391528,-2.0998960016758352
-0.7789175615459605,0.6046762314866557
-0.9108010840481868,1.2160914520375161
0.7053358184549638,0.5984362749175937
0.2794517868506163,-2.308104503441494
1.331861618621594,-1.4932195731929963
0.26763589396187926,-0.9896495124239251
-0.25153777920784814,-1.1446650530346283
0.939376319012545,-0.9387129301664539
-0.7693815050304593,1.0209283753613803
-2.6654952798438476,1.1224397237046086
-2.28583793817428,-0.19953468979839817
1.298536473255874,-1.7679466666561499
0.7072300038538608,-1.243426219761374
1.8053784633323897,-0.8235434572729763
0.24453392573305066,0.3127112803402097
-0.45442496483186035,-0.40087407142746395
1.5537061999518982,0.4462326465437927
3.0590652556976123,1.979158856434676
2.7232981115428827,1.7430125110769126
1.3512238985061573,0.8586581136650012
0.9498384704326223,0.04226443274767505
0.9364938574729922,-0.4443598748004209
1.0419335493880542,0.9830265174642078
-0.30849817628447795,-0.2620590212244064
-1.3061159747639748,0.1484896043551048
-0.29379664677308964,-0.11890704830431251
0.2742754062136185,-0.4677382193591031
-0.43041521778671604,-1.557819854444388
0.28528280610193013,-0.3765469733794317
1.3680093017575574,-0.3435538347735465
0.5436870905623178,0.5727312317797169
1.122425536678028,-0.351805310221154
-0.5787180307241384,1.1574533170683519
-0.9354938248683378,-0.5485253536183757
-0.6707251103392989,1.727577161177069
-1.8498958659533682,-1.3258525305846578
-0.8593648286234015,0.24932754583095418
0.23937298821384,0.1250477554009014
1.692839478470078,-0.4749537755631656
1.1856719639582163,0.24880031544264666
-1.2298959839423678,1.2106091245222992
0.984876488077912,-1.577693190091697
2.5655543243271364,-0.00012712732276354277
1.1264574248047543,-2.957218549139971
-0.7490572509954404,-1.8121496894079947
-1.3840857097581498,0.49491919739263857
-0.4644295204914568,-0.21981492848863832
1.3987652641384445,-0.9178428682955106
2.5393665562979297,-0.8420243247658871
2.0206582702536404,1.6365672572469876
-0.46845051198072984,-1.0639010306360097
-1.8562985131466103,-1.1636109090726894
-0.14890609962100815,0.5274030443620807
-1.0084332611961964,2.1412820433177795
-0.47785556923213474,1.088879218078697
0.0879050397591605,-0.7231144891814363
-0.3848428496118339,1.569193053511417
-1.9266481257987196,2.061063981714868
-0.23972152357189425,1.9454769950046593
0.23379389152913455,-0.06249083630776775
-1.3184887533195175,-0.17030618408433487
-3.696347840420354,-0.4236925220612715
-1.1696856702952276,0.2519984699462344
2.7718849310684037,1.535233935664118
2.8927749471456146,1.5590730077746109
-0.6305883826067119,-0.2903088290903961
-1.809516739024263,1.2093711315668554
0.45786506729537113,0.540517896925543
0.009187787450183227,1.2252675868700398
-0.28445008790798054,1.835306819626116
0.7108343541646827,-0.3188441670444351
1.7264130024106759,-0.04049542072830261
0.3507452300614477,-0.8792588576958655
-0.7493407655186434,-1.7911889195210808
-1.0827429840644713,-0.439870157949027
-0.9234324173004844,2.179882715016755
-0.296691761623262,-0.7314421305905074
0.464187237841895,-0.014844743376444362
1.109337642505731,0.07560736730325957
-0.5399421006730791,0.36961119237124945
0.7608861449384956,0.12826610866916408
0.6011580502643648,-1.307544123955266
-0.20921976182011742,-0.32083821819288816
-1.0002233562023655,-1.0534141888736082
-2.6995104474111926,-2.4227912729028747
-0.007442101607387341,0.09159434541753142
1.8828333987538628,0.7792461965539688
0.12390810358017318,0.793392970942016
-0.8139603506834503,0.5372548248987472
0.4235716703230603,1.1814461810531665
-0.9189982256672528,0.722789268326018
-1.3631296954781416,1.316048821287216
0.6569132787809948,0.1314267180641004
-0.4280675811731318,1.4641961246528008
-0.5215584369060624,0.7563345611001075
-1.2719445767336715,0.7159613555511315
0.00562339628509545,-1.0962045934898772
0.4988308168306874,-0.16285299810134185
-1.6229170209794477,-1.0981909023873773
0.10499011480912279,-0.884977937235762
0.22912815446237356,-1.3202751941758541
-1.0727668213836452,-1.5838700011842217
-0.429380267730242,1.4536647417624353
1.5161562571478915,1.8613771436254203
-0.2576069208160593,3.0903345478447113
-0.9110777926800521,-0.055346300101338564
0.40531231582815486,0.1582059927319453
1.2997792773540358,-1.6318746311064078
0.44145947750415515,-1.1917218023054346
-0.7151252758426316,-1.584457221856629
-1.145926741851306,0.6636247499158123
-0.040964954457131345,-0.1758341705501077
-0.662683173457046,1.281762664385781
-3.461394941364826,0.9126037196355966
-0.9709890706876484,2.865800908048401
2.016601141733375,-0.3767524554212529
-1.561416317604292,1.358547176162346
-2.9929372485163004,1.20630089937353
0.30671402389586866,-0.1370325179307038
3.395037842396925,0.961714062382564
0.966368167222676,0.4469846462073823
-1.8809949740370853,0.2091217261990316
-0.9275704432553358,-0.814082502045494
2.0448623179835947,-1.116926524224008
0.4640532066875128,1.5149876691146518
-1.7751106509493617,0.6048748218370974
-1.1933529874037507,1.3973467578502299
-0.5696391351484043,-0.4778425353677247
0.07950511193259638,-0.8615736984292224
1.7105799845293108,0.5327738162610207
1.0246888823847053,-1.150738171718047
-0.5793980308120711,-0.6304488097509018
-0.7517387286080701,-0.5369309595553362
-1.4444233811177156,0.0004194358973637763
0.420887844729922,-0.12433602095846567
0.7044706701894028,0.3575942476414763
-0.3275731770844284,0.7974556827513339
2.7612632131539296,1.1305257821152317
1.9840652375227457,-0.48409206373875124
-1.205904673327662,-0.45808535775812886
-1.4690899089999612,0.7853596801050708
1.4136661388651544,1.2873058029460083
1.31346749980479,-0.6565717178884336
-1.7821952796475413,0.07073027603193771
-0.34586922737793124,-2.249491124678249
0.31271244055676917,-0.638911227583894
1.8461495542553874,1.3230734027576818
1.7775927770883713,-0.17470543995248455
-0.4190577961309054,-0.6441500273753835
0.551920985976552,0.1459327481955307
0.9088634569988063,-1.4874865162279767
0.9474333514071656,-1.0206667014970396
0.6144019616939648,-0.11950132893515675
-0.8310996584477126,-0.5855359016222137
-1.1768139721068676,-0.3107519850122071
0.9799840530903767,0.459511961123825
0.5774037488025388,0.6484293714992836
-0.8403014098072892,0.6586925428045367
-1.4679783480361914,-0.10593109569090961
0.22524134623951764,0.31445772244956044
2.7410744844195416,-0.0774449177731861
-0.10321201477149922,0.5193308724665687
-1.3528755236748589,-0.3509295851775913
1.3356036978476578,-0.244000101448997
1.2439558165612432,-1.2120649898392237
0.1359727508715548,-0.48576141934090383
-1.3492643214221922,-1.1219912453969434
-0.06552027562697627,-1.448949078615402
0.4819223080673702,-0.43025769129806274
0.9895984232425977,-0.018009700048782412
1.4281200540269696,0.9455679896482531
2.905208919024274,-0.054154142838371944
1.5160972903607473,0.47046473949128775
-0.08313548694420292,0.5846810401358358
-0.024190303270284236,0.7875086907920867
-0.020474242901579565,-0.48250488798740526
0.3237147762572029,-0.047465848500189534
-0.12814496121369504,0.17618958412249427
-0.061563741046150616,0.19764363001116314
1.4156311009431723,-1.9743641827915095
-0.2935741365277187,-0.6719478993025713
0.27296319418436976,1.6507835914753088
1.883509952884544,0.5731200341939582
0.6284900250534647,-0.2083334935389417
-2.6947722240872602,-0.02589406005782513
-1.892751121087886,0.24329450499453467
1.8237031030714894,1.4296910175164625
1.2964046049633535,-0.6870606266023505
-1.641501705566556,0.5860535398363615
-1.6089874558788742,0.5056137155087941
1.1161580723410647,0.313436363332537
1.5810059911980376,0.45895532152091056
-0.32830563091698267,1.1222884476848694
-1.0982486084039849,1.3857045680443
-0.4605284395477154,-0.4852559155828413
-0.6692112262537644,0.6246450759345281
1.2913845744356203,-0.07953112395244326
0.5658717432238094,0.2930461120291533
0.7205598599688382,0.08294004869814511
1.8569370251820898,-0.09910196299292756
1.679673829399348,1.1535693988882694
-0.3761399386156516,0.347892142354136
-0.2527893886344724,-0.795521063190734
0.37341443447954303,-0.8664636952777599
-0.6658279368962507,-0.3145810640923666
-0.2458197816931884,1.182633714230322
-0.8943528266623627,1.1483890137107964
0.7302472785977264,-0.2405329694783953
0.2985187989930138,2.325904210664724
-0.19357514926198954,1.003690694025423
0.18329035313818576,2.126857837393874
-0.010768462705386922,0.4378744549157707
0.45094936370109046,0.8552906926742622
-0.20738667279164857,1.0072978723274157
0.5399755866697973,1.7139898869732526
-0.8821086777758075,1.7964867414354488
-0.6261398872347204,1.6606027357505448
2.174908511662788,0.35100256044855
0.22377113928801795,-0.4361216344118115
-1.7785416341591807,0.009383074183540396
-0.05226683473212668,0.89464726388393
1.0874734095107286,0.25031278125707995
0.5647918945631507,1.2560221071060647
0.2173930057274493,1.8118693215389519
0.678516706046065,-0.015722631164632017
1.453220071028161,-0.767664047779794
0.8406489405650505,-0.7500396161458743
-0.4118398786408848,0.00038643348817790635
0.3369733058053959,-0.4436344641629733
2.4424183152313663,1.234659673817083
0.8377207826022347,0.8075778289351937
-1.709483409824128,0.6147345965082632
0.3219622361200647,-1.2929106461166964
1.062885815538945,-1.8783455115026964
-2.1441044382694217,-0.6760899334497548
-0.6916810025297487,-2.414936670970366
0.40346069502370274,0.24390193426667917
0.02821667881868059,-0.3928775683611424
0.006022121960553739,3.4836226547390265
0.26009454035474355,3.5577072851423077
0.8421313620998705,1.7146453218773474
-0.14326353530516917,0.5134582449545115
0.07242725754451163,0.8986119922152488
0.01672499126089727,2.069504114759455
0.682306640684662,-0.6580855592681928
0.962643760233838,-1.930635305353682
-0.7919251440178279,-1.827993708927061
0.3451589921861318,-0.20198897865429422
0.22510737503469935,0.5433581821108284
0.5896469609018633,1.4433421661390482
0.6185889047721489,-0.6227268692194889
1.897676123737205,-2.4750914378198448
0.5340070192910487,-0.4283526083949978
-0.9074335673868459,-1.1798337537350394
-0.36060467447923883,-2.092362114984088
0.07703606747773789,-0.910790281685644
0.8372755594431692,0.24565482728583854
-1.30831179734972,0.23873226695400818
-2.111068884047251,-0.26871853256539696
-1.3017263530393248,-0.3791187262552854
1.0933164980075947,-0.5716821711138922
2.485921021295935,-1.5440888865442521
0.3315077724988338,-1.3650743504867335
-1.0273650479870422,-0.16900649936440837
-0.11220004287056959,0.31578630028489635
1.6857623596661935,0.45311519402156464
-0.23384494251960097,-0.8314209970537013
-0.743874676932226,-0.5291446130869729
1.057335234509356,-2.5482108558531356
1.3549301371567162,-0.7468003033324523
0.1896041325359783,0.8471288594348668
0.6298501371586435,-0.8490460497510618
-2.2121232632565615,-0.7469232137905275
-0.7051905541694993,-0.3475039302296043
0.22536069884783594,1.2087070439162089
-1.8077819229991017,0.1516444710838829
-0.646406822232388,-0.49568738545771107
1.9994182353158818,-2.3802906590124864
0.8239076295466228,-0.8918062264380958
0.2358378798718317,1.4927743491421617
1.7181270302144263,1.1252203168146055
2.2208405546646692,0.7012872176452802
1.938488867570881,0.3963782576829029
0.9445770535678834,0.11105722660307814
0.02264584283302787,-0.7208264806094751
-1.67523364375042,0.4947465655890727
-0.9060868207080959,0.31116917770479763
-0.45414401522842407,0.3549018358816706
2.061867391487566,-0.9005922695712607
0.9009025267840391,0.9186454966035563
-0.5481064286129624,0.8934961099235386
0.23935437663947995,0.1040126403463697
0.6175133543554827,0.9800673423349493
1.774509243566162,-0.2627171481226228
0.0037194581987837205,-0.6804843717605387
-0.5672847665753498,-1.221775766000264
-0.6730708493718826,-2.309550847833517
-1.3721716609792154,-0.4647959760611169
-1.0747764500240218,-2.173848492097495
-0.02295336144519168,-1.819439068475641
-0.17782501242368798,-3.116309005086343
-0.9848120953679085,-1.2848380458020352
-1.8144016774329823,-0.8074247401117892
-0.5334653661459693,-0.4126453051323808
-1.0612146374610774,-1.2183523180266835
0.13330099254545213,-1.6872736952607799
0.5730044947085742,-0.31729694622925464
-1.449942675875585,-0.71647411232085
-1.2940224638328526,0.2354485079167219
-0.5595954006275021,-0.9238709370223108
0.3963995068467387,-0.0781292352177633
1.5596434069936944,1.11012852858723
-1.405469599697767,1.1617958381505336
-1.2882505228289658,0.21303591313545212
0.21040542426649922,0.26808318318717017
1.1395741300586448,-0.26150973185278614
0.42013087656796877,-0.011226194010578849
-1.0696098736308572,-0.39465853062967626
-0.8360094847543023,-0.2922155713363742
-0.5951994870516177,0.04867595507546765
0.9824901627237691,-0.9578219201178979
0.6429545766087752,-1.349594300900506
1.612382995285187,-2.0929016945017875
0.620551428068339,-2.4604517741331877
-1.0757316351971318,-2.2739539001713265
-2.0393793251885253,-0.8075319014351755
-2.160853235637974,-1.1941873204363762
-1.8600192252696406,0.2043382100755814
0.009667791157945083,-0.027676720202564842
1.011397884316132,-1.8005343746677
-1.452329500506968,-0.12201197652776319
-0.33489182010384544,0.4822376152489697
0.27793736538134817,-0.47305054133166247
0.16274170462675255,0.26588606663856323
1.4876444338573573,-0.9865804227016584
1.614878153557104,-0.1188714553468467
-0.17236544713060847,-1.4823797274783912
-1.487285138987672,-2.2696047022920625
-2.486299616546416,-1.4794092927132891
-1.2531336474479138,-0.8147877578803966
0.1079957179240223,-0.5620164290084291
-0.8038747677744991,-1.3802211195508518
-0.8378189394311482,-0.9928151935045422
0.08147894071524814,-0.24587403973848876
0.07401800471021977,-0.05714484772958449
-0.8212968367122035,0.2453322443244188
-0.26270696060143434,-0.6105826972513086
0.7360391885668376,0.9584221437142304
-0.7552853702011508,-0.9085207308045866
0.612728708241989,0.3686063368796542
0.7326267446506757,1.0240632108282148
-0.07225843289103917,1.0999326190588956
0.42831757613409754,0.34440633792271663
0.6300294847062051,-0.46503430966424253
1.039540901621091,0.7640115642616153
0.5775433888860867,-1.1670289788420645
-0.717430234066699,-1.228487935170436
-0.07807510594607303,-1.2124999472220808
-0.7085399654831315,0.7875933732014164
-0.3501587708053459,0.7555618093981789
0.13034558550521738,-0.4448425768402875
-0.10957267221388435,-0.583595717976733
-0.31852839445955083,-1.0288599538033294
-1.9602577895194289,-1.048610561487524
-1.3915041397136774,0.5106770184344768
0.3135160471520803,-1.1931240035108543
0.6203149275263935,1.353750471596005
-1.152576528681537,1.0602190936993205
0.4419653221911515,1.9047878033978591
0.05515906272712212,0.22187406327160775
0.5455387650584147,-0.00785802270810329
0.7607772774755615,-1.6320099557639332
-0.5275762410898053,-1.1429053486004208
1.2402418863385116,-0.14615565954098392
-0.15757231254720927,1.3361262787186157
0.11473182594917997,-0.44063513779694796
1.3847827645588753,-0.4195497451718277
-0.06710920228123907,-0.6296486400673641
0.6894656818341076,-1.5659606713810739
0.40519748037049563,-0.012356205188350455
0.1331376880918032,-0.9061873956969945
0.26218507899869603,-0.30758171134654755
0.011254450056997739,-0.74730261190547
0.7119704963072936,-1.0287353598375326
1.1962837594771,-0.4583651993419878
-1.504124451641878,-0.4552291244761465
0.09653023658012216,-0.4602152093500409
-0.6229078920292541,-0.9418876481622157
0.3720022497085935,-0.08341734257278138
1.6434662550125316,1.5628886503013644
-0.57981600596908,0.8971915414709281
-1.4480549685036719,1.5481582885944654
-1.2111308987507252,-0.9498084693372728
-0.21242219660607797,-0.09949186629427695
-0.09829092681415202,-1.4513303207995976
0.5944999874151577,-1.8685438233321972
1.6142197639130478,-1.6593518741631168
1.8858855136760706,0.453073293170388
-0.3074351542137591,1.2049641401973639
-0.983038254906833,0.9805808538463299
-1.644062639832273,-1.1504939224672772
-1.1978692898016605,-0.7364594587275893
0.9913406571313972,-0.2366224196204184
2.3813752690483057,0.2373320377229111
-0.7789054238818,-1.6830690889787858
-1.9743364741916678,-1.575174412538591
-0.14784622830419983,-0.9733429784008891
1.0376251969869807,0.24356444945174172
-0.6117351021143895,-2.0008347865376854
-0.4301883507474354,-0.8796878310646801
-0.17554093199004284,-0.580639166642975
-0.009475581922460742,0.8581943038238365
0.5432792528880035,1.0756170106076077
0.24769150081816138,1.114597949058644
-0.5860748829459819,-0.3590547039071811
-0.4178371452303018,-2.0532069441614396
0.045294209816136966,-1.3962357639213043
-0.2556603289481047,0.27201008124700743
-0.4928407610952836,1.6761914304894352
1.4891157963943549,1.5684204608701258
1.500765660896437,1.131596821978178
-0.38822353799717596,0.7645407081959947
0.05028296434280011,-0.27546064056587405
0.18558689359326552,-0.23861589774214265
1.1631318946124387,1.4502097843766488
0.8684712855762405,-0.31394828352742987
-0.2175150698036749,1.738476446141
0.13735012704280763,0.041115960054319334
-1.2197492965300099,1.6810544845112105
-1.8488201946569491,-0.9732506122071243
-1.4809904300539636,0.4208078300941574
0.08290811775919754,-0.9244529583310238
2.1447002344602826,-1.5342039859538414
2.965998118532382,-0.5686038751430159
1.0652816670286462,0.6723052479830908
-0.020573703915354402,-0.3755925104318251
-1.7507857959182629,-1.5341509993170093
-1.1947235123297468,-0.9449335800963645
-0.5138673508970517,-0.5738780226486835
-0.6305766767184211,0.48579206674313974
-0.46544318396142365,1.1426918237531334
-0.49229730149803896,0.4849185355396508
-2.1188422044877795,2.116615613694612
-0.1584508321696212,0.9486115160712488
-0.1910067998803352,0.29991838624549605
-0.2007995606417634,-1.6828675381450002
2.037496122935335,-1.0112144157593688
0.16156189022605894,-0.9249209612684517
-3.5084145512293206,0.7469521620221655
-1.7134932180207336,0.7456894589561014
2.030732679648076,-0.7062842331214345
3.1287774928091343,-0.16074817502195318
-1.0232258314760345,0.38662218980368324
-1.1731559029764473,1.8483201440027655
0.08548000603156714,1.7001758626879084
0.31872443390466465,1.5742576490934514
2.526334380358294,0.6306758465639725
-0.382069353962025,0.6406003995629583
-1.136717318884653,1.4228555012600876
0.595636065375778,-0.7164818355701513
1.8755491462771576,-0.5076988159969682
0.5105962301446547,-1.312177698886918
-0.2552987054869935,-0.03470617894145894
-0.39948620598218365,1.150112798514365
0.29915243702644323,0.008860519157078417
-0.044932695090495745,-2.2600274294626312
0.3696320826011446,-1.5474347780285675
-0.10249745979252517,0.03149412376678706
0.13204908368725243,0.7793531722495013
0.1619368745751394,0.9172803285957499
1.1204946542576066,0.0525701681347146
0.4542949829901979,-1.2625721826264054
-2.073744928925558,-0.08031596342579106
0.22200047560763503,-1.0118733022507738
0.33299939800201706,2.0049723058539466
-1.0130158632367405,1.193861358696311
-1.224268829541344,0.3027836008019922
1.3354114896189189,-0.6724924059038538
-1.0584372270459121,-0.5116927963352249
1.6959704094193095,-0.46009517888377355
2.7003429252224462,0.9931497447371778
0.5137377266215456,0.5612991033495031
-0.8090025180328748,-0.3220151383519233
0.16425253757493602,1.6537128405155854
1.1104975015075529,0.5859950839099773
0.9565375643097904,1.3556952141237206
0.5114750049195544,-0.2858981376011337
0.08914890186164143,0.35047692755728865
-0.2171939589743245,0.2738882900075768
-0.20214971308758378,-1.6562706073155178
-0.16955637703698237,1.3527483909651374
1.1066279730975004,1.5298597174779576
1.1912189547305865,0.7236450013612234
-2.9320044192551338,-0.8739545286374863
-1.184385315843599,-0.21250487722258649
1.3067895373706595,-0.10495857720093928
0.6404777863102051,0.4946165124700536
-0.9585513917878328,0.35985428544370035
0.5859560384111264,0.6895726323525307
1.8478757344843784,1.7072753139724037
-0.33362809814454975,1.2988977816771465
-0.5665084215077038,-0.38822250704094075
-0.7185217493259872,1.1131316146870693
-1.522350448326982,1.870743054900286
-1.1419332583920032,4.2170714157211355
0.9088977174850508,0.6295130296117224
1.6740704436492173,0.7391014202080611
0.6672851315009756,-2.321994107900757
0.40348267427088647,-0.20682572095130325
0.7190911472297573,-0.951570246571785
-0.3502203324433217,1.8701104224720069
-0.022036660308421552,-0.16969674153863235
1.1083195907410839,-1.4219952875272086
1.2494253888496627,-1.3793214468949988
1.255058938467248,-2.670748178888324
0.9327845401580732,-0.18047477619030083
0.44019608615692807,-2.357289595818538
1.0748677990093045,-0.5722458009671765
0.4773715052087428,-2.6859537012598294
-1.0925835808966131,-1.1428852581241729
-0.7330709471945809,0.8919154880330181
-0.46967202691368437,0.9219098123966161
